{
    "MIT_coeffs": {
        "upper": [
            0.005137297881845831,
            -0.026354822306257127,
            -0.3616785898612248,
            0.6471041155506636
        ],
        "lower": [
            -0.00483469047827294,
            -0.03356746177374335,
            -0.018143665448394346,
            0.1798378806675645,
            -0.21309245744773164,
            0.12552027082871664
        ]
    },
    "Pflanz_knots": {
        "0.5": {
            "x": [
                0.009981120254952347,
                0.012497414138887783,
                0.018175722283105544,
                0.030512686367620067,
                0.039413682835463926,
                0.06596164340290447,
                0.0938559873686569,
                0.1452868011874345,
                0.21129509988253878,
                0.31505745035062527,
                0.4019030370948411,
                0.48163594876805915,
                0.6458394337418056,
                0.916064384006958,
                1.3076713282374257,
                1.7978339757336252,
                2.5339883775443752,
                3.8971589230317134,
                5.526819475574856,
                7.886173311837625,
                9.045939290220156,
                10.057512073191823,
                12.768932025831289,
                16.383924441789667,
                20.250801015070934,
                25.187198732989685,
                30.554291206300405,
                38.71763215565597,
                46.819180228402885,
                58.77189034648214,
                78.03002965060169,
                96.73989235282465,
                1000.0
            ],
            "y": [
                0.09468282046132724,
                0.10430498975239187,
                0.11966471248879901,
                0.14252738107042182,
                0.15701176781122322,
                0.18759460264951017,
                0.21254829577538184,
                0.24768420094365706,
                0.2832718310618189,
                0.3260020559532285,
                0.3557840222780506,
                0.37635112652582475,
                0.4158943791230977,
                0.46828308909512645,
                0.5406066154970169,
                0.6030300899176249,
                0.6684743471363521,
                0.7456626206666985,
                0.8163274619477574,
                0.8798462343910909,
                0.9049199638604193,
                0.9220315091332862,
                0.940882330500243,
                0.9602408096673,
                0.97074284002524,
                0.9852608650090604,
                0.991441474501288,
                0.9968827195610248,
                1.0,
                1.0,
                1.0,
                1.0,
                1.0
            ]
        },
        "1": {
            "x": [
                0.009873256594203007,
                0.011470050860243906,
                0.013835668171741393,
                0.018910490170234367,
                0.026087855813372612,
                0.03576723358654641,
                0.05203815938034616,
                0.06936725335284111,
                0.0918894018777405,
                0.12520084222683991,
                0.1643055425357157,
                0.22738674344907586,
                0.2993328786197722,
                0.4142703547933655,
                0.5385854343868872,
                0.6914970209532114,
                0.8741041324304184,
                1.1984913332501725,
                1.5100711733120566,
                2.115421092179487,
                2.6981779786834528,
                3.7087776125679346,
                4.67146405597707,
                5.703281038211926,
                7.228016235160821,
                9.160205423817493,
                10.727572153411144,
                13.136396772559683,
                15.985617788053155,
                19.211258107334977,
                23.377198708446013,
                28.006447735418366,
                33.97299742563846,
                39.6981815295333,
                1000.0
            ],
            "y": [
                0.04420014853616744,
                0.047342832421257926,
                0.05264485480106144,
                0.06231265718676228,
                0.07306826809215247,
                0.08621706218407238,
                0.10528654667276219,
                0.1223087780021052,
                0.14119863830457985,
                0.1666076410030546,
                0.19173962091790225,
                0.2269510536694672,
                0.2603713652707969,
                0.31011689265747827,
                0.35467494370490293,
                0.40185353828943676,
                0.45530779408567346,
                0.5422971076628477,
                0.6011502760142103,
                0.6789916082043388,
                0.725001630112101,
                0.7814143023677398,
                0.8214408023380471,
                0.8554672535565692,
                0.8881259836368212,
                0.9191572783457452,
                0.9424043631248862,
                0.9632273678712613,
                0.978382046190825,
                0.9875890617946261,
                0.9968827195610248,
                1.0,
                1.0,
                1.0,
                1.0
            ]
        },
        "2": {
            "x": [
                0.009952856942193018,
                0.01171058262263431,
                0.013107212921204217,
                0.015278884170712785,
                0.018961147679102033,
                0.023308475517406446,
                0.028210889180596572,
                0.037269060367215286,
                0.05032564687185047,
                0.06343445274748366,
                0.07511507441571409,
                0.09892127252277456,
                0.11494594360412007,
                0.13441384659653152,
                0.15915834264360296,
                0.19937771109790103,
                0.23312331009124954,
                0.26921609621705167,
                0.31284537339404617,
                0.3545386732098239,
                0.4290834477149286,
                0.5128045355432208,
                0.6402103502444596,
                0.8298639383133367,
                1.0993458079954554,
                1.3425226680851894,
                1.7667988712995677,
                2.5057098605892523,
                3.711315706823367,
                5.132381867474321,
                6.922396216878242,
                8.636184799477151,
                10.060761715249233,
                12.695673925240984,
                14.8357331317537,
                17.44452515762794,
                19.69817011607691,
                1000.0
            ],